{"degree_mmd_64": 0.003404679421992185, "cluster_mmd_64": 0.004042701181127151, "orbit_mmd_64": 0.00080947491937855, "trainloss": 0.0201394256190905, "testloss": 0.025246476042360935, "_timestamp": 1656766735, "_runtime": 76554, "_step": 378, "degree_mmd_64_bestloss": 0.024516394955146792, "cluster_mmd_64_bestloss": 0.028299898519872524, "orbit_mmd_64_bestloss": 0.003065652232737026, "testloss_bestloss": 0.01643541938744567, "degree_mmd_64_main": 0.027421843867709184, "cluster_mmd_64_main": 0.03455610671996556, "orbit_mmd_64_main": 0.0019603882953664886, "degree_mmd_64_best": 0.02811740853506106, "cluster_mmd_64_best": 0.029161700481604658}