{"degree_mmd_32": 0.1026844045768982, "cluster_mmd_32": 0.22389619334651034, "trainloss": 50.143248875935875, "testloss": 47.930538177490234, "evalloss": 1786.0762939453125, "_timestamp": 1656689929, "_runtime": 2773, "_step": 17, "orbit_mmd_32": 0.011237337949567827, "degree_mmd_32_best": 0.10154229498566991, "cluster_mmd_32_best": 0.07291319839225752, "orbit_mmd_32_best": 0.02635976209291857, "testloss_best": 47.930538177490234, "degree_mmd_32_main": 0.07593319988096336, "cluster_mmd_32_main": 0.12338389824209067, "orbit_mmd_32_main": 0.035601116034222224, "degree_mmd_32_bestloss": 0.09511454040589662, "cluster_mmd_32_bestloss": 0.18802113853859737, "orbit_mmd_32_bestloss": 0.029454502357290302, "testloss_bestloss": 50.143248875935875, "degree_mmd_32_bestloss_eval": 0.08414857701482603, "cluster_mmd_32_bestloss_eval": 0.1499280254604678, "orbit_mmd_32_bestloss_eval": 0.02320903159117882, "train_bestloss_eval": 1786.0762939453125}