{"degree_mmd_32": 0, "cluster_mmd_32": 0, "orbit_mmd_32": 0.0, "trainloss": 0.12256019522522128, "testloss": 0.11779416452799472, "_timestamp": 1665924782, "_runtime": 38, "_step": 6}