{"degree_mmd_32": 0, "cluster_mmd_32": 0, "orbit_mmd_32": 0.0, "trainloss": 0.10511591617263881, "testloss": 0.12487833623154994, "_timestamp": 1665924795, "_runtime": 51, "_step": 9}