{"degree_mmd_32": 0.10312369252963816, "cluster_mmd_32": 0.13748275579605884, "orbit_mmd_32": 0.010916793672854697, "trainloss": 1.5417486826578777, "testloss": 0.2515232419985517, "_timestamp": 1656690135, "_runtime": 3111, "_step": 50, "degree_mmd_32_best": 0.15200262455937863, "cluster_mmd_32_best": 0.27865190938170875, "orbit_mmd_32_best": 0.025338380862706344, "testloss_best": 0.2515232419985517, "degree_mmd_32_bestloss": 0.13451626027006047, "cluster_mmd_32_bestloss": 0.23050505599207716, "orbit_mmd_32_bestloss": 0.06650888116371023, "testloss_bestloss": 0.2515232419985517, "degree_mmd_32_main": 0.12978452657960693, "cluster_mmd_32_main": 0.27983013712810856, "orbit_mmd_32_main": 0.06716248401109315}