{"degree_mmd_64": 0.04071772305225618, "cluster_mmd_64": 0.038506950161527664, "orbit_mmd_64": 0.0073433606933621665, "trainloss": 0.02360449843133823, "testloss": 0.027551824007103536, "_timestamp": 1656690002, "_runtime": 3772, "_step": 12, "degree_mmd_64_bestloss": 0.044323697736862844, "cluster_mmd_64_bestloss": 0.05532947254324461, "orbit_mmd_64_bestloss": 0.015185155257046778, "testloss_bestloss": 0.02141798436492384, "degree_mmd_64_main": 0.03809179398432727, "cluster_mmd_64_main": 0.03194636545002777, "orbit_mmd_64_main": 0.015924388477002616}