{"degree_mmd_32": 0, "cluster_mmd_32": 0, "orbit_mmd_32": 0.0, "trainloss": 0.025065371343683363, "testloss": 0.03930486719067992, "_timestamp": 1665924674, "_runtime": 57, "_step": 9}